0, Law & Order, 5, 35, Wolf
1, Supernatural, 2, 12, Kripke
0, Law & Order, 5, 35, Wolf
1, Supernatural, 2, 12, Kripke
0, Law & Order, 5, 35, Wolf
1, Supernatural, 2, 12, Kripke
0, Law & Order, 5, 35, Wolf
1, Supernatural, 2, 12, Kripke
0, Law & Order, 5, 35, Wolf
1, Supernatural, 2, 12, Kripke
0, Law & Order, 5, 35, Wolf
1, Supernatural, 2, 12, Kripke
0, Law & Order, 5, 35, Wolf
1, Supernatural, 2, 12, Kripke
0, Law & Order, 5, 35, Wolf
1, Supernatural, 2, 12, Kripke
0, Law & Order, 5, 35, Wolf
1, Supernatural, 2, 12, Kripke
0, Law & Order, 5, 35, Wolf
1, Supernatural, 2, 12, Kripke
0, Law & Order, 5, 35, Wolf
1, Supernatural, 2, 12, Kripke
0, Law & Order, 5, 35, Wolf
1, Supernatural, 2, 12, Kripke
0, Law & Order, 5, 35, Wolf
1, Supernatural, 2, 12, Kripke
0, Law & Order, 5, 35, Wolf
1, Supernatural, 2, 12, Kripke
0, Law & Order, 5, 35, Wolf
1, Supernatural, 2, 12, Kripke
