0, Coding, YouTube, DVD, BluRay, 30, 0|1
1, Lethal Weapon 2, VHS, DVD, BluRay, 100, 0|2
2, Lethal Weapon 3, VHS, DVD, BluRay, 123, 0|2
0, Coding, YouTube, DVD, BluRay, 30, 0|1
1, Lethal Weapon 2, VHS, DVD, BluRay, 100, 0|2
2, Lethal Weapon 3, VHS, DVD, BluRay, 123, 0|2
0, Coding, YouTube, DVD, BluRay, 30, 0|1
1, Lethal Weapon 2, VHS, DVD, BluRay, 100, 0|2
2, Lethal Weapon 3, VHS, DVD, BluRay, 123, 0|2
0, Coding, YouTube, DVD, BluRay, 30, 0|1
1, Lethal Weapon 2, VHS, DVD, BluRay, 100, 0|2
2, Lethal Weapon 3, VHS, DVD, BluRay, 123, 0|2
0, Coding, YouTube, DVD, BluRay, 30, 0|1
1, Lethal Weapon 2, VHS, DVD, BluRay, 100, 0|2
2, Lethal Weapon 3, VHS, DVD, BluRay, 123, 0|2
0, Coding, YouTube, DVD, BluRay, 30, 0|1
1, Lethal Weapon 2, VHS, DVD, BluRay, 100, 0|2
2, Lethal Weapon 3, VHS, DVD, BluRay, 123, 0|2
0, Coding, YouTube, DVD, BluRay, 30, 0|1
1, Lethal Weapon 2, VHS, DVD, BluRay, 100, 0|2
2, Lethal Weapon 3, VHS, DVD, BluRay, 123, 0|2
0, Coding, YouTube, DVD, BluRay, 30, 0|1
1, Lethal Weapon 2, VHS, DVD, BluRay, 100, 0|2
2, Lethal Weapon 3, VHS, DVD, BluRay, 123, 0|2
0, Coding, YouTube, DVD, BluRay, 30, 0|1
1, Lethal Weapon 2, VHS, DVD, BluRay, 100, 0|2
2, Lethal Weapon 3, VHS, DVD, BluRay, 123, 0|2
0, Coding, YouTube, DVD, BluRay, 30, 0|1
1, Lethal Weapon 2, VHS, DVD, BluRay, 100, 0|2
2, Lethal Weapon 3, VHS, DVD, BluRay, 123, 0|2
0, Coding, YouTube, DVD, BluRay, 30, 0|1
1, Lethal Weapon 2, VHS, DVD, BluRay, 100, 0|2
2, Lethal Weapon 3, VHS, DVD, BluRay, 123, 0|2
0, Coding, YouTube, DVD, BluRay, 30, 0|1
1, Lethal Weapon 2, VHS, DVD, BluRay, 100, 0|2
2, Lethal Weapon 3, VHS, DVD, BluRay, 123, 0|2
